{
  "quartz.serializer.type": "json",
  "quartz.scheduler.instanceName": "ScramblingQuartzScheduler",
  "quartz.threadPool.threadCount": "20",
  "quartz.jobStore.misfireThreshold": "60000",
  "quartz.jobStore.type": "Quartz.Impl.AdoJobStore.JobStoreTX, Quartz",
  "quartz.jobStore.driverDelegateType": "Quartz.Impl.AdoJobStore.StdAdoDelegate, Quartz",
  "quartz.jobStore.tablePrefix": "QRTZ_",
  "quartz.jobStore.dataSource": "ds",
  "quartz.dataSource.ds.connectionString": "Server=DESKTOP-UBKC2MM;Database=quartz;Integrated Security=true",
  "quartz.dataSource.ds.provider": "SqlServer",
  "quartz.jobStore.useProperties": "true"
}
